{"cameraMode":{"drawMode":0,"name":"Shaded","section":"Shading Mode"},"sceneLighting":true,"audioPlay":false,"sceneViewState":{"showFog":true,"showMaterialUpdate":false,"showSkybox":true,"showFlares":true,"showImageEffects":true,"showParticleSystems":true},"in2DMode":false,"pivot":{"x":4.72837495803833,"y":-24.2435302734375,"z":6.854182243347168},"rotation":{"x":-0.10447753220796585,"y":-0.7226687073707581,"z":0.674091637134552,"w":-0.11218083649873734},"size":19.403364181518556,"orthographic":false}