{"cameraMode":{"drawMode":0,"name":"Shaded","section":"Shading Mode"},"sceneLighting":true,"audioPlay":false,"sceneViewState":{"showFog":true,"showMaterialUpdate":false,"showSkybox":true,"showFlares":true,"showImageEffects":true,"showParticleSystems":true},"in2DMode":false,"pivot":{"x":11.591066360473633,"y":17.563255310058595,"z":-19.36760902404785},"rotation":{"x":0.2904546856880188,"y":-0.1856442391872406,"z":0.05755654722452164,"w":0.9369838237762451},"size":1.3827414512634278,"orthographic":false}