{"cameraMode":{"drawMode":0,"name":"Shaded","section":"Shading Mode"},"sceneLighting":true,"audioPlay":false,"sceneViewState":{"showFog":true,"showMaterialUpdate":false,"showSkybox":true,"showFlares":true,"showImageEffects":true,"showParticleSystems":true},"in2DMode":false,"pivot":{"x":3.2961483001708986,"y":4.622739791870117,"z":-2.531644344329834},"rotation":{"x":0.3480464518070221,"y":-0.36614128947257998,"z":0.14980386197566987,"w":0.850297212600708},"size":7.947798728942871,"orthographic":false}